,Date,Equipment,Condition
0,2020-03-09 00:00:00,Device 4,ON
1,2020-03-09 01:00:00,Device 2,ON
2,2020-03-09 02:00:00,Device 4,ON
3,2020-03-09 03:00:00,Device 2,ON
4,2020-03-09 04:00:00,Device 2,ON
5,2020-03-09 05:00:00,Device 2,ON
6,2020-03-09 06:00:00,Device 4,ON
7,2020-03-09 07:00:00,Device 2,OFF
8,2020-03-09 08:00:00,Device 1,OFF
9,2020-03-09 09:00:00,Device 4,OFF
10,2020-03-09 10:00:00,Device 1,OFF
11,2020-03-09 11:00:00,Device 2,OFF
12,2020-03-09 12:00:00,Device 3,OFF
13,2020-03-09 13:00:00,Device 4,OFF
14,2020-03-09 14:00:00,Device 2,OFF
15,2020-03-09 15:00:00,Device 4,OFF
16,2020-03-09 16:00:00,Device 1,OFF
17,2020-03-09 17:00:00,Device 2,OFF
18,2020-03-09 18:00:00,Device 2,OFF
19,2020-03-09 19:00:00,Device 2,OFF
20,2020-03-09 20:00:00,Device 4,OFF
21,2020-03-09 21:00:00,Device 2,OFF
22,2020-03-09 22:00:00,Device 2,OFF
23,2020-03-09 23:00:00,Device 2,OFF
24,2020-03-10 00:00:00,Device 4,ON
25,2020-03-10 01:00:00,Device 1,ON
26,2020-03-10 02:00:00,Device 2,ON
27,2020-03-10 03:00:00,Device 1,ON
28,2020-03-10 04:00:00,Device 4,ON
29,2020-03-10 05:00:00,Device 3,ON
30,2020-03-10 06:00:00,Device 2,ON
31,2020-03-10 07:00:00,Device 1,OFF
32,2020-03-10 08:00:00,Device 3,OFF
33,2020-03-10 09:00:00,Device 4,OFF
34,2020-03-10 10:00:00,Device 4,OFF
35,2020-03-10 11:00:00,Device 3,OFF
36,2020-03-10 12:00:00,Device 4,OFF
37,2020-03-10 13:00:00,Device 3,OFF
38,2020-03-10 14:00:00,Device 4,OFF
39,2020-03-10 15:00:00,Device 3,OFF
40,2020-03-10 16:00:00,Device 2,OFF
41,2020-03-10 17:00:00,Device 3,OFF
42,2020-03-10 18:00:00,Device 3,OFF
43,2020-03-10 19:00:00,Device 3,OFF
44,2020-03-10 20:00:00,Device 3,OFF
45,2020-03-10 21:00:00,Device 4,OFF
46,2020-03-10 22:00:00,Device 4,OFF
47,2020-03-10 23:00:00,Device 1,OFF
48,2020-03-11 00:00:00,Device 4,ON
49,2020-03-11 01:00:00,Device 1,ON
50,2020-03-11 02:00:00,Device 3,ON
51,2020-03-11 03:00:00,Device 1,ON
52,2020-03-11 04:00:00,Device 2,ON
53,2020-03-11 05:00:00,Device 4,ON
54,2020-03-11 06:00:00,Device 3,ON
55,2020-03-11 07:00:00,Device 4,OFF
56,2020-03-11 08:00:00,Device 4,OFF
57,2020-03-11 09:00:00,Device 3,OFF
58,2020-03-11 10:00:00,Device 1,OFF
59,2020-03-11 11:00:00,Device 2,OFF
60,2020-03-11 12:00:00,Device 4,OFF
61,2020-03-11 13:00:00,Device 1,OFF
62,2020-03-11 14:00:00,Device 1,OFF
63,2020-03-11 15:00:00,Device 3,OFF
64,2020-03-11 16:00:00,Device 1,OFF
65,2020-03-11 17:00:00,Device 1,OFF
66,2020-03-11 18:00:00,Device 1,OFF
67,2020-03-11 19:00:00,Device 1,OFF
68,2020-03-11 20:00:00,Device 3,OFF
69,2020-03-11 21:00:00,Device 3,OFF
70,2020-03-11 22:00:00,Device 1,OFF
71,2020-03-11 23:00:00,Device 3,OFF
72,2020-03-12 00:00:00,Device 4,ON
73,2020-03-12 01:00:00,Device 3,ON
74,2020-03-12 02:00:00,Device 4,ON
75,2020-03-12 03:00:00,Device 3,ON
76,2020-03-12 04:00:00,Device 1,ON
77,2020-03-12 05:00:00,Device 4,ON
78,2020-03-12 06:00:00,Device 1,ON
79,2020-03-12 07:00:00,Device 2,OFF
80,2020-03-12 08:00:00,Device 3,OFF
81,2020-03-12 09:00:00,Device 2,OFF
82,2020-03-12 10:00:00,Device 3,OFF
83,2020-03-12 11:00:00,Device 3,OFF
84,2020-03-12 12:00:00,Device 1,OFF
85,2020-03-12 13:00:00,Device 1,OFF
86,2020-03-12 14:00:00,Device 2,OFF
87,2020-03-12 15:00:00,Device 3,OFF
88,2020-03-12 16:00:00,Device 3,OFF
89,2020-03-12 17:00:00,Device 1,OFF
90,2020-03-12 18:00:00,Device 2,OFF
91,2020-03-12 19:00:00,Device 4,OFF
92,2020-03-12 20:00:00,Device 1,OFF
93,2020-03-12 21:00:00,Device 1,OFF
94,2020-03-12 22:00:00,Device 4,OFF
95,2020-03-12 23:00:00,Device 2,OFF
96,2020-03-13 00:00:00,Device 2,ON
97,2020-03-13 01:00:00,Device 2,ON
98,2020-03-13 02:00:00,Device 3,ON
99,2020-03-13 03:00:00,Device 2,ON
100,2020-03-13 04:00:00,Device 2,ON
101,2020-03-13 05:00:00,Device 2,ON
102,2020-03-13 06:00:00,Device 1,ON
103,2020-03-13 07:00:00,Device 3,OFF
104,2020-03-13 08:00:00,Device 2,OFF
105,2020-03-13 09:00:00,Device 4,OFF
106,2020-03-13 10:00:00,Device 4,OFF
107,2020-03-13 11:00:00,Device 3,OFF
108,2020-03-13 12:00:00,Device 1,OFF
109,2020-03-13 13:00:00,Device 4,OFF
110,2020-03-13 14:00:00,Device 3,OFF
111,2020-03-13 15:00:00,Device 3,OFF
112,2020-03-13 16:00:00,Device 3,OFF
113,2020-03-13 17:00:00,Device 4,OFF
114,2020-03-13 18:00:00,Device 4,OFF
115,2020-03-13 19:00:00,Device 1,OFF
116,2020-03-13 20:00:00,Device 2,OFF
117,2020-03-13 21:00:00,Device 2,OFF
118,2020-03-13 22:00:00,Device 1,OFF
119,2020-03-13 23:00:00,Device 4,OFF
120,2020-03-14 00:00:00,Device 2,ON
121,2020-03-14 01:00:00,Device 3,ON
122,2020-03-14 02:00:00,Device 3,ON
123,2020-03-14 03:00:00,Device 2,ON
124,2020-03-14 04:00:00,Device 1,ON
125,2020-03-14 05:00:00,Device 4,ON
126,2020-03-14 06:00:00,Device 1,ON
127,2020-03-14 07:00:00,Device 4,OFF
128,2020-03-14 08:00:00,Device 3,OFF
129,2020-03-14 09:00:00,Device 1,OFF
130,2020-03-14 10:00:00,Device 2,OFF
131,2020-03-14 11:00:00,Device 3,OFF
132,2020-03-14 12:00:00,Device 3,OFF
133,2020-03-14 13:00:00,Device 1,OFF
134,2020-03-14 14:00:00,Device 3,OFF
135,2020-03-14 15:00:00,Device 1,OFF
136,2020-03-14 16:00:00,Device 1,OFF
137,2020-03-14 17:00:00,Device 4,OFF
138,2020-03-14 18:00:00,Device 4,OFF
139,2020-03-14 19:00:00,Device 1,OFF
140,2020-03-14 20:00:00,Device 2,OFF
141,2020-03-14 21:00:00,Device 1,OFF
142,2020-03-14 22:00:00,Device 2,OFF
143,2020-03-14 23:00:00,Device 4,OFF
144,2020-03-15 00:00:00,Device 1,ON
145,2020-03-15 01:00:00,Device 2,ON
146,2020-03-15 02:00:00,Device 1,ON
147,2020-03-15 03:00:00,Device 1,ON
148,2020-03-15 04:00:00,Device 1,ON
149,2020-03-15 05:00:00,Device 4,ON
150,2020-03-15 06:00:00,Device 4,ON
151,2020-03-15 07:00:00,Device 4,OFF
152,2020-03-15 08:00:00,Device 1,OFF
153,2020-03-15 09:00:00,Device 2,OFF
154,2020-03-15 10:00:00,Device 2,OFF
155,2020-03-15 11:00:00,Device 4,OFF
156,2020-03-15 12:00:00,Device 2,OFF
157,2020-03-15 13:00:00,Device 1,OFF
158,2020-03-15 14:00:00,Device 2,OFF
159,2020-03-15 15:00:00,Device 3,OFF
160,2020-03-15 16:00:00,Device 4,OFF
161,2020-03-15 17:00:00,Device 3,OFF
162,2020-03-15 18:00:00,Device 3,OFF
163,2020-03-15 19:00:00,Device 2,OFF
164,2020-03-15 20:00:00,Device 3,OFF
165,2020-03-15 21:00:00,Device 2,OFF
166,2020-03-15 22:00:00,Device 1,OFF
167,2020-03-15 23:00:00,Device 4,OFF
168,2020-03-16 00:00:00,Device 1,ON
169,2020-03-16 01:00:00,Device 3,ON
170,2020-03-16 02:00:00,Device 4,ON
171,2020-03-16 03:00:00,Device 1,ON
172,2020-03-16 04:00:00,Device 2,ON
173,2020-03-16 05:00:00,Device 4,ON
174,2020-03-16 06:00:00,Device 3,ON
175,2020-03-16 07:00:00,Device 1,OFF
176,2020-03-16 08:00:00,Device 3,OFF
177,2020-03-16 09:00:00,Device 4,OFF
178,2020-03-16 10:00:00,Device 4,OFF
179,2020-03-16 11:00:00,Device 1,OFF
180,2020-03-16 12:00:00,Device 2,OFF
181,2020-03-16 13:00:00,Device 1,OFF
182,2020-03-16 14:00:00,Device 3,OFF
183,2020-03-16 15:00:00,Device 3,OFF
184,2020-03-16 16:00:00,Device 2,OFF
185,2020-03-16 17:00:00,Device 4,OFF
186,2020-03-16 18:00:00,Device 2,OFF
187,2020-03-16 19:00:00,Device 1,OFF
188,2020-03-16 20:00:00,Device 4,OFF
189,2020-03-16 21:00:00,Device 3,OFF
190,2020-03-16 22:00:00,Device 3,OFF
191,2020-03-16 23:00:00,Device 2,OFF
192,2020-03-17 00:00:00,Device 4,ON
193,2020-03-17 01:00:00,Device 1,ON
194,2020-03-17 02:00:00,Device 4,ON
195,2020-03-17 03:00:00,Device 1,ON
196,2020-03-17 04:00:00,Device 4,ON
197,2020-03-17 05:00:00,Device 1,ON
198,2020-03-17 06:00:00,Device 3,ON
199,2020-03-17 07:00:00,Device 2,OFF
200,2020-03-17 08:00:00,Device 3,OFF
201,2020-03-17 09:00:00,Device 1,OFF
202,2020-03-17 10:00:00,Device 1,OFF
203,2020-03-17 11:00:00,Device 4,OFF
204,2020-03-17 12:00:00,Device 3,OFF
205,2020-03-17 13:00:00,Device 2,OFF
206,2020-03-17 14:00:00,Device 2,OFF
207,2020-03-17 15:00:00,Device 3,OFF
208,2020-03-17 16:00:00,Device 4,OFF
209,2020-03-17 17:00:00,Device 1,OFF
210,2020-03-17 18:00:00,Device 3,OFF
211,2020-03-17 19:00:00,Device 3,OFF
212,2020-03-17 20:00:00,Device 3,OFF
213,2020-03-17 21:00:00,Device 1,OFF
214,2020-03-17 22:00:00,Device 2,OFF
215,2020-03-17 23:00:00,Device 4,OFF
216,2020-03-18 00:00:00,Device 4,ON
217,2020-03-18 01:00:00,Device 2,ON
218,2020-03-18 02:00:00,Device 2,ON
219,2020-03-18 03:00:00,Device 4,ON
220,2020-03-18 04:00:00,Device 2,ON
221,2020-03-18 05:00:00,Device 3,ON
222,2020-03-18 06:00:00,Device 1,ON
223,2020-03-18 07:00:00,Device 2,OFF
224,2020-03-18 08:00:00,Device 3,OFF
225,2020-03-18 09:00:00,Device 2,OFF
226,2020-03-18 10:00:00,Device 1,OFF
227,2020-03-18 11:00:00,Device 2,OFF
228,2020-03-18 12:00:00,Device 1,OFF
229,2020-03-18 13:00:00,Device 2,OFF
230,2020-03-18 14:00:00,Device 3,OFF
231,2020-03-18 15:00:00,Device 4,OFF
232,2020-03-18 16:00:00,Device 1,OFF
233,2020-03-18 17:00:00,Device 4,OFF
234,2020-03-18 18:00:00,Device 2,OFF
235,2020-03-18 19:00:00,Device 2,OFF
236,2020-03-18 20:00:00,Device 3,OFF
237,2020-03-18 21:00:00,Device 3,OFF
238,2020-03-18 22:00:00,Device 2,OFF
239,2020-03-18 23:00:00,Device 3,OFF
240,2020-03-19 00:00:00,Device 3,ON
241,2020-03-19 01:00:00,Device 2,ON
242,2020-03-19 02:00:00,Device 2,ON
243,2020-03-19 03:00:00,Device 4,ON
244,2020-03-19 04:00:00,Device 1,ON
245,2020-03-19 05:00:00,Device 1,ON
246,2020-03-19 06:00:00,Device 1,ON
247,2020-03-19 07:00:00,Device 2,OFF
248,2020-03-19 08:00:00,Device 2,OFF
249,2020-03-19 09:00:00,Device 2,OFF
250,2020-03-19 10:00:00,Device 2,OFF
251,2020-03-19 11:00:00,Device 1,OFF
252,2020-03-19 12:00:00,Device 2,OFF
253,2020-03-19 13:00:00,Device 2,OFF
254,2020-03-19 14:00:00,Device 4,OFF
255,2020-03-19 15:00:00,Device 1,OFF
256,2020-03-19 16:00:00,Device 1,OFF
257,2020-03-19 17:00:00,Device 1,OFF
258,2020-03-19 18:00:00,Device 1,OFF
259,2020-03-19 19:00:00,Device 4,OFF
260,2020-03-19 20:00:00,Device 4,OFF
261,2020-03-19 21:00:00,Device 4,OFF
262,2020-03-19 22:00:00,Device 3,OFF
263,2020-03-19 23:00:00,Device 4,OFF
264,2020-03-20 00:00:00,Device 2,ON
265,2020-03-20 01:00:00,Device 4,ON
266,2020-03-20 02:00:00,Device 4,ON
267,2020-03-20 03:00:00,Device 2,ON
268,2020-03-20 04:00:00,Device 1,ON
269,2020-03-20 05:00:00,Device 1,ON
270,2020-03-20 06:00:00,Device 1,ON
271,2020-03-20 07:00:00,Device 3,OFF
272,2020-03-20 08:00:00,Device 1,OFF
273,2020-03-20 09:00:00,Device 2,OFF
274,2020-03-20 10:00:00,Device 2,OFF
275,2020-03-20 11:00:00,Device 3,OFF
276,2020-03-20 12:00:00,Device 3,OFF
277,2020-03-20 13:00:00,Device 2,OFF
278,2020-03-20 14:00:00,Device 4,OFF
279,2020-03-20 15:00:00,Device 1,OFF
280,2020-03-20 16:00:00,Device 3,OFF
281,2020-03-20 17:00:00,Device 4,OFF
282,2020-03-20 18:00:00,Device 3,OFF
283,2020-03-20 19:00:00,Device 2,OFF
284,2020-03-20 20:00:00,Device 4,OFF
285,2020-03-20 21:00:00,Device 3,OFF
286,2020-03-20 22:00:00,Device 2,OFF
287,2020-03-20 23:00:00,Device 1,OFF
288,2020-03-21 00:00:00,Device 2,ON
289,2020-03-21 01:00:00,Device 3,ON
290,2020-03-21 02:00:00,Device 2,ON
291,2020-03-21 03:00:00,Device 4,ON
292,2020-03-21 04:00:00,Device 4,ON
293,2020-03-21 05:00:00,Device 3,ON
294,2020-03-21 06:00:00,Device 4,ON
295,2020-03-21 07:00:00,Device 1,OFF
296,2020-03-21 08:00:00,Device 4,OFF
297,2020-03-21 09:00:00,Device 4,OFF
298,2020-03-21 10:00:00,Device 2,OFF
299,2020-03-21 11:00:00,Device 4,OFF
300,2020-03-21 12:00:00,Device 2,OFF
301,2020-03-21 13:00:00,Device 3,OFF
302,2020-03-21 14:00:00,Device 4,OFF
303,2020-03-21 15:00:00,Device 1,OFF
304,2020-03-21 16:00:00,Device 2,OFF
305,2020-03-21 17:00:00,Device 1,OFF
306,2020-03-21 18:00:00,Device 4,OFF
307,2020-03-21 19:00:00,Device 1,OFF
308,2020-03-21 20:00:00,Device 2,OFF
309,2020-03-21 21:00:00,Device 1,OFF
310,2020-03-21 22:00:00,Device 1,OFF
311,2020-03-21 23:00:00,Device 2,OFF
312,2020-03-22 00:00:00,Device 1,ON
313,2020-03-22 01:00:00,Device 4,ON
314,2020-03-22 02:00:00,Device 4,ON
315,2020-03-22 03:00:00,Device 2,ON
316,2020-03-22 04:00:00,Device 3,ON
317,2020-03-22 05:00:00,Device 4,ON
318,2020-03-22 06:00:00,Device 4,ON
319,2020-03-22 07:00:00,Device 1,OFF
320,2020-03-22 08:00:00,Device 2,OFF
321,2020-03-22 09:00:00,Device 2,OFF
322,2020-03-22 10:00:00,Device 4,OFF
323,2020-03-22 11:00:00,Device 4,OFF
324,2020-03-22 12:00:00,Device 3,OFF
325,2020-03-22 13:00:00,Device 2,OFF
326,2020-03-22 14:00:00,Device 2,OFF
327,2020-03-22 15:00:00,Device 2,OFF
328,2020-03-22 16:00:00,Device 3,OFF
329,2020-03-22 17:00:00,Device 3,OFF
330,2020-03-22 18:00:00,Device 4,OFF
331,2020-03-22 19:00:00,Device 1,OFF
332,2020-03-22 20:00:00,Device 1,OFF
333,2020-03-22 21:00:00,Device 4,OFF
334,2020-03-22 22:00:00,Device 4,OFF
335,2020-03-22 23:00:00,Device 4,OFF
336,2020-03-23 00:00:00,Device 4,ON
337,2020-03-23 01:00:00,Device 3,ON
338,2020-03-23 02:00:00,Device 3,ON
339,2020-03-23 03:00:00,Device 1,ON
340,2020-03-23 04:00:00,Device 2,ON
341,2020-03-23 05:00:00,Device 2,ON
342,2020-03-23 06:00:00,Device 2,ON
343,2020-03-23 07:00:00,Device 4,OFF
344,2020-03-23 08:00:00,Device 4,OFF
345,2020-03-23 09:00:00,Device 2,OFF
346,2020-03-23 10:00:00,Device 4,OFF
347,2020-03-23 11:00:00,Device 1,OFF
348,2020-03-23 12:00:00,Device 3,OFF
349,2020-03-23 13:00:00,Device 1,OFF
350,2020-03-23 14:00:00,Device 2,OFF
351,2020-03-23 15:00:00,Device 4,OFF
352,2020-03-23 16:00:00,Device 2,OFF
353,2020-03-23 17:00:00,Device 3,OFF
354,2020-03-23 18:00:00,Device 2,OFF
355,2020-03-23 19:00:00,Device 1,OFF
356,2020-03-23 20:00:00,Device 2,OFF
357,2020-03-23 21:00:00,Device 4,OFF
358,2020-03-23 22:00:00,Device 1,OFF
359,2020-03-23 23:00:00,Device 1,OFF
360,2020-03-24 00:00:00,Device 4,ON
361,2020-03-24 01:00:00,Device 1,ON
362,2020-03-24 02:00:00,Device 2,ON
363,2020-03-24 03:00:00,Device 2,ON
364,2020-03-24 04:00:00,Device 1,ON
365,2020-03-24 05:00:00,Device 2,ON
366,2020-03-24 06:00:00,Device 1,ON
367,2020-03-24 07:00:00,Device 2,OFF
368,2020-03-24 08:00:00,Device 3,OFF
369,2020-03-24 09:00:00,Device 4,OFF
370,2020-03-24 10:00:00,Device 2,OFF
371,2020-03-24 11:00:00,Device 4,OFF
372,2020-03-24 12:00:00,Device 2,OFF
373,2020-03-24 13:00:00,Device 3,OFF
374,2020-03-24 14:00:00,Device 4,OFF
375,2020-03-24 15:00:00,Device 3,OFF
376,2020-03-24 16:00:00,Device 1,OFF
377,2020-03-24 17:00:00,Device 1,OFF
378,2020-03-24 18:00:00,Device 4,OFF
379,2020-03-24 19:00:00,Device 2,OFF
380,2020-03-24 20:00:00,Device 1,OFF
381,2020-03-24 21:00:00,Device 2,OFF
382,2020-03-24 22:00:00,Device 1,OFF
383,2020-03-24 23:00:00,Device 3,OFF
384,2020-03-25 00:00:00,Device 3,ON
385,2020-03-25 01:00:00,Device 4,ON
386,2020-03-25 02:00:00,Device 2,ON
387,2020-03-25 03:00:00,Device 4,ON
388,2020-03-25 04:00:00,Device 2,ON
389,2020-03-25 05:00:00,Device 3,ON
390,2020-03-25 06:00:00,Device 3,ON
391,2020-03-25 07:00:00,Device 3,OFF
392,2020-03-25 08:00:00,Device 4,OFF
393,2020-03-25 09:00:00,Device 2,OFF
394,2020-03-25 10:00:00,Device 4,OFF
395,2020-03-25 11:00:00,Device 1,OFF
396,2020-03-25 12:00:00,Device 1,OFF
397,2020-03-25 13:00:00,Device 4,OFF
398,2020-03-25 14:00:00,Device 3,OFF
399,2020-03-25 15:00:00,Device 4,OFF
400,2020-03-25 16:00:00,Device 4,OFF
401,2020-03-25 17:00:00,Device 3,OFF
402,2020-03-25 18:00:00,Device 2,OFF
403,2020-03-25 19:00:00,Device 1,OFF
404,2020-03-25 20:00:00,Device 1,OFF
405,2020-03-25 21:00:00,Device 3,OFF
406,2020-03-25 22:00:00,Device 2,OFF
407,2020-03-25 23:00:00,Device 4,OFF
408,2020-03-26 00:00:00,Device 4,ON
409,2020-03-26 01:00:00,Device 3,ON
410,2020-03-26 02:00:00,Device 1,ON
411,2020-03-26 03:00:00,Device 1,ON
412,2020-03-26 04:00:00,Device 2,ON
413,2020-03-26 05:00:00,Device 1,ON
414,2020-03-26 06:00:00,Device 3,ON
415,2020-03-26 07:00:00,Device 3,OFF
416,2020-03-26 08:00:00,Device 1,OFF
417,2020-03-26 09:00:00,Device 4,OFF
418,2020-03-26 10:00:00,Device 4,OFF
419,2020-03-26 11:00:00,Device 4,OFF
420,2020-03-26 12:00:00,Device 1,OFF
421,2020-03-26 13:00:00,Device 1,OFF
422,2020-03-26 14:00:00,Device 2,OFF
423,2020-03-26 15:00:00,Device 1,OFF
424,2020-03-26 16:00:00,Device 3,OFF
425,2020-03-26 17:00:00,Device 2,OFF
426,2020-03-26 18:00:00,Device 4,OFF
427,2020-03-26 19:00:00,Device 2,OFF
428,2020-03-26 20:00:00,Device 2,OFF
429,2020-03-26 21:00:00,Device 4,OFF
430,2020-03-26 22:00:00,Device 3,OFF
431,2020-03-26 23:00:00,Device 3,OFF
432,2020-03-27 00:00:00,Device 2,ON
433,2020-03-27 01:00:00,Device 3,ON
434,2020-03-27 02:00:00,Device 3,ON
435,2020-03-27 03:00:00,Device 2,ON
436,2020-03-27 04:00:00,Device 1,ON
437,2020-03-27 05:00:00,Device 3,ON
438,2020-03-27 06:00:00,Device 3,ON
439,2020-03-27 07:00:00,Device 3,OFF
440,2020-03-27 08:00:00,Device 2,OFF
441,2020-03-27 09:00:00,Device 4,OFF
442,2020-03-27 10:00:00,Device 2,OFF
443,2020-03-27 11:00:00,Device 1,OFF
444,2020-03-27 12:00:00,Device 1,OFF
445,2020-03-27 13:00:00,Device 4,OFF
446,2020-03-27 14:00:00,Device 2,OFF
447,2020-03-27 15:00:00,Device 1,OFF
448,2020-03-27 16:00:00,Device 3,OFF
449,2020-03-27 17:00:00,Device 4,OFF
450,2020-03-27 18:00:00,Device 3,OFF
451,2020-03-27 19:00:00,Device 1,OFF
452,2020-03-27 20:00:00,Device 2,OFF
453,2020-03-27 21:00:00,Device 2,OFF
454,2020-03-27 22:00:00,Device 2,OFF
455,2020-03-27 23:00:00,Device 3,OFF
456,2020-03-28 00:00:00,Device 4,ON
457,2020-03-28 01:00:00,Device 2,ON
458,2020-03-28 02:00:00,Device 4,ON
459,2020-03-28 03:00:00,Device 2,ON
460,2020-03-28 04:00:00,Device 3,ON
461,2020-03-28 05:00:00,Device 3,ON
462,2020-03-28 06:00:00,Device 4,ON
463,2020-03-28 07:00:00,Device 4,OFF
464,2020-03-28 08:00:00,Device 1,OFF
465,2020-03-28 09:00:00,Device 3,OFF
466,2020-03-28 10:00:00,Device 1,OFF
467,2020-03-28 11:00:00,Device 2,OFF
468,2020-03-28 12:00:00,Device 3,OFF
469,2020-03-28 13:00:00,Device 3,OFF
470,2020-03-28 14:00:00,Device 2,OFF
471,2020-03-28 15:00:00,Device 1,OFF
472,2020-03-28 16:00:00,Device 1,OFF
473,2020-03-28 17:00:00,Device 4,OFF
474,2020-03-28 18:00:00,Device 4,OFF
475,2020-03-28 19:00:00,Device 1,OFF
476,2020-03-28 20:00:00,Device 4,OFF
477,2020-03-28 21:00:00,Device 1,OFF
478,2020-03-28 22:00:00,Device 3,OFF
479,2020-03-28 23:00:00,Device 2,OFF
480,2020-03-29 00:00:00,Device 1,ON
481,2020-03-29 01:00:00,Device 3,ON
482,2020-03-29 02:00:00,Device 1,ON
483,2020-03-29 03:00:00,Device 4,ON
484,2020-03-29 04:00:00,Device 3,ON
485,2020-03-29 05:00:00,Device 2,ON
486,2020-03-29 06:00:00,Device 4,ON
487,2020-03-29 07:00:00,Device 4,OFF
488,2020-03-29 08:00:00,Device 2,OFF
489,2020-03-29 09:00:00,Device 2,OFF
490,2020-03-29 10:00:00,Device 3,OFF
491,2020-03-29 11:00:00,Device 3,OFF
492,2020-03-29 12:00:00,Device 3,OFF
493,2020-03-29 13:00:00,Device 3,OFF
494,2020-03-29 14:00:00,Device 1,OFF
495,2020-03-29 15:00:00,Device 3,OFF
496,2020-03-29 16:00:00,Device 2,OFF
497,2020-03-29 17:00:00,Device 4,OFF
498,2020-03-29 18:00:00,Device 1,OFF
499,2020-03-29 19:00:00,Device 1,OFF
500,2020-03-29 20:00:00,Device 2,OFF
501,2020-03-29 21:00:00,Device 2,OFF
502,2020-03-29 22:00:00,Device 3,OFF
503,2020-03-29 23:00:00,Device 4,OFF
504,2020-03-30 00:00:00,Device 2,ON
505,2020-03-30 01:00:00,Device 4,ON
506,2020-03-30 02:00:00,Device 3,ON
507,2020-03-30 03:00:00,Device 4,ON
508,2020-03-30 04:00:00,Device 1,ON
509,2020-03-30 05:00:00,Device 1,ON
510,2020-03-30 06:00:00,Device 3,ON
511,2020-03-30 07:00:00,Device 1,OFF
512,2020-03-30 08:00:00,Device 2,OFF
513,2020-03-30 09:00:00,Device 2,OFF
514,2020-03-30 10:00:00,Device 1,OFF
515,2020-03-30 11:00:00,Device 3,OFF
516,2020-03-30 12:00:00,Device 3,OFF
517,2020-03-30 13:00:00,Device 2,OFF
518,2020-03-30 14:00:00,Device 2,OFF
519,2020-03-30 15:00:00,Device 4,OFF
520,2020-03-30 16:00:00,Device 2,OFF
521,2020-03-30 17:00:00,Device 4,OFF
522,2020-03-30 18:00:00,Device 1,OFF
523,2020-03-30 19:00:00,Device 3,OFF
524,2020-03-30 20:00:00,Device 1,OFF
525,2020-03-30 21:00:00,Device 4,OFF
526,2020-03-30 22:00:00,Device 2,OFF
527,2020-03-30 23:00:00,Device 1,OFF
528,2020-03-31 00:00:00,Device 3,ON
529,2020-03-31 01:00:00,Device 2,ON
530,2020-03-31 02:00:00,Device 2,ON
531,2020-03-31 03:00:00,Device 3,ON
532,2020-03-31 04:00:00,Device 3,ON
533,2020-03-31 05:00:00,Device 4,ON
534,2020-03-31 06:00:00,Device 1,ON
535,2020-03-31 07:00:00,Device 2,OFF
536,2020-03-31 08:00:00,Device 3,OFF
537,2020-03-31 09:00:00,Device 2,OFF
538,2020-03-31 10:00:00,Device 3,OFF
539,2020-03-31 11:00:00,Device 1,OFF
540,2020-03-31 12:00:00,Device 4,OFF
541,2020-03-31 13:00:00,Device 3,OFF
542,2020-03-31 14:00:00,Device 3,OFF
543,2020-03-31 15:00:00,Device 4,OFF
544,2020-03-31 16:00:00,Device 4,OFF
545,2020-03-31 17:00:00,Device 1,OFF
546,2020-03-31 18:00:00,Device 2,OFF
547,2020-03-31 19:00:00,Device 4,OFF
548,2020-03-31 20:00:00,Device 4,OFF
549,2020-03-31 21:00:00,Device 3,OFF
550,2020-03-31 22:00:00,Device 3,OFF
551,2020-03-31 23:00:00,Device 4,OFF
552,2020-04-01 00:00:00,Device 3,ON
553,2020-04-01 01:00:00,Device 1,ON
554,2020-04-01 02:00:00,Device 4,ON
555,2020-04-01 03:00:00,Device 4,ON
556,2020-04-01 04:00:00,Device 2,ON
557,2020-04-01 05:00:00,Device 4,ON
558,2020-04-01 06:00:00,Device 3,ON
559,2020-04-01 07:00:00,Device 1,OFF
560,2020-04-01 08:00:00,Device 1,OFF
561,2020-04-01 09:00:00,Device 1,OFF
562,2020-04-01 10:00:00,Device 4,OFF
563,2020-04-01 11:00:00,Device 4,OFF
564,2020-04-01 12:00:00,Device 4,OFF
565,2020-04-01 13:00:00,Device 1,OFF
566,2020-04-01 14:00:00,Device 1,OFF
567,2020-04-01 15:00:00,Device 3,OFF
568,2020-04-01 16:00:00,Device 3,OFF
569,2020-04-01 17:00:00,Device 4,OFF
570,2020-04-01 18:00:00,Device 1,OFF
571,2020-04-01 19:00:00,Device 3,OFF
572,2020-04-01 20:00:00,Device 2,OFF
573,2020-04-01 21:00:00,Device 1,OFF
574,2020-04-01 22:00:00,Device 1,OFF
575,2020-04-01 23:00:00,Device 3,OFF
576,2020-04-02 00:00:00,Device 3,ON
577,2020-04-02 01:00:00,Device 2,ON
578,2020-04-02 02:00:00,Device 1,ON
579,2020-04-02 03:00:00,Device 1,ON
580,2020-04-02 04:00:00,Device 3,ON
581,2020-04-02 05:00:00,Device 3,ON
582,2020-04-02 06:00:00,Device 2,ON
583,2020-04-02 07:00:00,Device 2,OFF
584,2020-04-02 08:00:00,Device 1,OFF
585,2020-04-02 09:00:00,Device 1,OFF
586,2020-04-02 10:00:00,Device 4,OFF
587,2020-04-02 11:00:00,Device 1,OFF
588,2020-04-02 12:00:00,Device 3,OFF
589,2020-04-02 13:00:00,Device 2,OFF
590,2020-04-02 14:00:00,Device 3,OFF
591,2020-04-02 15:00:00,Device 1,OFF
592,2020-04-02 16:00:00,Device 1,OFF
593,2020-04-02 17:00:00,Device 3,OFF
594,2020-04-02 18:00:00,Device 3,OFF
595,2020-04-02 19:00:00,Device 4,OFF
596,2020-04-02 20:00:00,Device 4,OFF
597,2020-04-02 21:00:00,Device 2,OFF
598,2020-04-02 22:00:00,Device 3,OFF
599,2020-04-02 23:00:00,Device 3,OFF
600,2020-04-03 00:00:00,Device 3,ON
601,2020-04-03 01:00:00,Device 2,ON
602,2020-04-03 02:00:00,Device 3,ON
603,2020-04-03 03:00:00,Device 4,ON
604,2020-04-03 04:00:00,Device 3,ON
605,2020-04-03 05:00:00,Device 3,ON
606,2020-04-03 06:00:00,Device 3,ON
607,2020-04-03 07:00:00,Device 2,OFF
608,2020-04-03 08:00:00,Device 2,OFF
609,2020-04-03 09:00:00,Device 1,OFF
610,2020-04-03 10:00:00,Device 2,OFF
611,2020-04-03 11:00:00,Device 2,OFF
612,2020-04-03 12:00:00,Device 2,OFF
613,2020-04-03 13:00:00,Device 1,OFF
614,2020-04-03 14:00:00,Device 3,OFF
615,2020-04-03 15:00:00,Device 3,OFF
616,2020-04-03 16:00:00,Device 4,OFF
617,2020-04-03 17:00:00,Device 2,OFF
618,2020-04-03 18:00:00,Device 1,OFF
619,2020-04-03 19:00:00,Device 1,OFF
620,2020-04-03 20:00:00,Device 4,OFF
621,2020-04-03 21:00:00,Device 4,OFF
622,2020-04-03 22:00:00,Device 4,OFF
623,2020-04-03 23:00:00,Device 2,OFF
624,2020-04-04 00:00:00,Device 3,ON
625,2020-04-04 01:00:00,Device 4,ON
626,2020-04-04 02:00:00,Device 1,ON
627,2020-04-04 03:00:00,Device 3,ON
628,2020-04-04 04:00:00,Device 1,ON
629,2020-04-04 05:00:00,Device 3,ON
630,2020-04-04 06:00:00,Device 2,ON
631,2020-04-04 07:00:00,Device 1,OFF
632,2020-04-04 08:00:00,Device 2,OFF
633,2020-04-04 09:00:00,Device 2,OFF
634,2020-04-04 10:00:00,Device 4,OFF
635,2020-04-04 11:00:00,Device 2,OFF
636,2020-04-04 12:00:00,Device 1,OFF
637,2020-04-04 13:00:00,Device 4,OFF
638,2020-04-04 14:00:00,Device 3,OFF
639,2020-04-04 15:00:00,Device 3,OFF
640,2020-04-04 16:00:00,Device 4,OFF
641,2020-04-04 17:00:00,Device 3,OFF
642,2020-04-04 18:00:00,Device 2,OFF
643,2020-04-04 19:00:00,Device 4,OFF
644,2020-04-04 20:00:00,Device 2,OFF
645,2020-04-04 21:00:00,Device 4,OFF
646,2020-04-04 22:00:00,Device 3,OFF
647,2020-04-04 23:00:00,Device 2,OFF
648,2020-04-05 00:00:00,Device 1,ON
649,2020-04-05 01:00:00,Device 1,ON
650,2020-04-05 02:00:00,Device 2,ON
651,2020-04-05 03:00:00,Device 1,ON
652,2020-04-05 04:00:00,Device 1,ON
653,2020-04-05 05:00:00,Device 4,ON
654,2020-04-05 06:00:00,Device 4,ON
655,2020-04-05 07:00:00,Device 2,OFF
656,2020-04-05 08:00:00,Device 3,OFF
657,2020-04-05 09:00:00,Device 3,OFF
658,2020-04-05 10:00:00,Device 4,OFF
659,2020-04-05 11:00:00,Device 4,OFF
660,2020-04-05 12:00:00,Device 2,OFF
661,2020-04-05 13:00:00,Device 1,OFF
662,2020-04-05 14:00:00,Device 1,OFF
663,2020-04-05 15:00:00,Device 1,OFF
664,2020-04-05 16:00:00,Device 3,OFF
665,2020-04-05 17:00:00,Device 2,OFF
666,2020-04-05 18:00:00,Device 4,OFF
667,2020-04-05 19:00:00,Device 1,OFF
668,2020-04-05 20:00:00,Device 1,OFF
669,2020-04-05 21:00:00,Device 3,OFF
670,2020-04-05 22:00:00,Device 1,OFF
671,2020-04-05 23:00:00,Device 3,OFF
672,2020-04-06 00:00:00,Device 4,ON
673,2020-04-06 01:00:00,Device 2,ON
674,2020-04-06 02:00:00,Device 1,ON
675,2020-04-06 03:00:00,Device 2,ON
676,2020-04-06 04:00:00,Device 1,ON
677,2020-04-06 05:00:00,Device 1,ON
678,2020-04-06 06:00:00,Device 1,ON
679,2020-04-06 07:00:00,Device 2,OFF
680,2020-04-06 08:00:00,Device 2,OFF
681,2020-04-06 09:00:00,Device 4,OFF
682,2020-04-06 10:00:00,Device 1,OFF
683,2020-04-06 11:00:00,Device 2,OFF
684,2020-04-06 12:00:00,Device 3,OFF
685,2020-04-06 13:00:00,Device 4,OFF
686,2020-04-06 14:00:00,Device 4,OFF
687,2020-04-06 15:00:00,Device 2,OFF
688,2020-04-06 16:00:00,Device 2,OFF
689,2020-04-06 17:00:00,Device 3,OFF
690,2020-04-06 18:00:00,Device 4,OFF
691,2020-04-06 19:00:00,Device 2,OFF
692,2020-04-06 20:00:00,Device 3,OFF
693,2020-04-06 21:00:00,Device 3,OFF
694,2020-04-06 22:00:00,Device 2,OFF
695,2020-04-06 23:00:00,Device 3,OFF
696,2020-04-07 00:00:00,Device 4,ON
697,2020-04-07 01:00:00,Device 1,ON
698,2020-04-07 02:00:00,Device 2,ON
699,2020-04-07 03:00:00,Device 3,ON
700,2020-04-07 04:00:00,Device 1,ON
701,2020-04-07 05:00:00,Device 2,ON
702,2020-04-07 06:00:00,Device 2,ON
703,2020-04-07 07:00:00,Device 2,OFF
704,2020-04-07 08:00:00,Device 4,OFF
705,2020-04-07 09:00:00,Device 1,OFF
706,2020-04-07 10:00:00,Device 1,OFF
707,2020-04-07 11:00:00,Device 2,OFF
708,2020-04-07 12:00:00,Device 2,OFF
709,2020-04-07 13:00:00,Device 3,OFF
710,2020-04-07 14:00:00,Device 3,OFF
711,2020-04-07 15:00:00,Device 2,OFF
712,2020-04-07 16:00:00,Device 3,OFF
713,2020-04-07 17:00:00,Device 4,OFF
714,2020-04-07 18:00:00,Device 2,OFF
715,2020-04-07 19:00:00,Device 1,OFF
716,2020-04-07 20:00:00,Device 3,OFF
717,2020-04-07 21:00:00,Device 3,OFF
718,2020-04-07 22:00:00,Device 3,OFF
719,2020-04-07 23:00:00,Device 1,OFF
720,2020-04-08 00:00:00,Device 4,ON
721,2020-04-08 01:00:00,Device 2,ON
722,2020-04-08 02:00:00,Device 2,ON
723,2020-04-08 03:00:00,Device 1,ON
724,2020-04-08 04:00:00,Device 3,ON
725,2020-04-08 05:00:00,Device 1,ON
726,2020-04-08 06:00:00,Device 1,ON
727,2020-04-08 07:00:00,Device 4,OFF
728,2020-04-08 08:00:00,Device 1,OFF
729,2020-04-08 09:00:00,Device 4,OFF
730,2020-04-08 10:00:00,Device 4,OFF
731,2020-04-08 11:00:00,Device 3,OFF
732,2020-04-08 12:00:00,Device 2,OFF
733,2020-04-08 13:00:00,Device 1,OFF
734,2020-04-08 14:00:00,Device 4,OFF
735,2020-04-08 15:00:00,Device 3,OFF
736,2020-04-08 16:00:00,Device 4,OFF
737,2020-04-08 17:00:00,Device 1,OFF
738,2020-04-08 18:00:00,Device 3,OFF
739,2020-04-08 19:00:00,Device 1,OFF
740,2020-04-08 20:00:00,Device 4,OFF
741,2020-04-08 21:00:00,Device 4,OFF
742,2020-04-08 22:00:00,Device 4,OFF
743,2020-04-08 23:00:00,Device 1,OFF
744,2020-04-09 00:00:00,Device 1,ON
745,2020-04-09 01:00:00,Device 3,ON
746,2020-04-09 02:00:00,Device 4,ON
747,2020-04-09 03:00:00,Device 1,ON
748,2020-04-09 04:00:00,Device 2,ON
749,2020-04-09 05:00:00,Device 4,ON
750,2020-04-09 06:00:00,Device 2,ON
751,2020-04-09 07:00:00,Device 2,OFF
752,2020-04-09 08:00:00,Device 2,OFF
753,2020-04-09 09:00:00,Device 3,OFF
754,2020-04-09 10:00:00,Device 4,OFF
755,2020-04-09 11:00:00,Device 4,OFF
756,2020-04-09 12:00:00,Device 3,OFF
757,2020-04-09 13:00:00,Device 2,OFF
758,2020-04-09 14:00:00,Device 1,OFF
759,2020-04-09 15:00:00,Device 3,OFF
760,2020-04-09 16:00:00,Device 3,OFF
761,2020-04-09 17:00:00,Device 3,OFF
762,2020-04-09 18:00:00,Device 3,OFF
763,2020-04-09 19:00:00,Device 1,OFF
764,2020-04-09 20:00:00,Device 2,OFF
765,2020-04-09 21:00:00,Device 2,OFF
766,2020-04-09 22:00:00,Device 1,OFF
767,2020-04-09 23:00:00,Device 3,OFF
768,2020-04-10 00:00:00,Device 1,ON
769,2020-04-10 01:00:00,Device 4,ON
770,2020-04-10 02:00:00,Device 3,ON
771,2020-04-10 03:00:00,Device 2,ON
772,2020-04-10 04:00:00,Device 3,ON
773,2020-04-10 05:00:00,Device 2,ON
774,2020-04-10 06:00:00,Device 2,ON
775,2020-04-10 07:00:00,Device 2,OFF
776,2020-04-10 08:00:00,Device 1,OFF
777,2020-04-10 09:00:00,Device 2,OFF
778,2020-04-10 10:00:00,Device 3,OFF
779,2020-04-10 11:00:00,Device 2,OFF
780,2020-04-10 12:00:00,Device 4,OFF
781,2020-04-10 13:00:00,Device 3,OFF
782,2020-04-10 14:00:00,Device 3,OFF
783,2020-04-10 15:00:00,Device 3,OFF
784,2020-04-10 16:00:00,Device 1,OFF
785,2020-04-10 17:00:00,Device 3,OFF
786,2020-04-10 18:00:00,Device 4,OFF
787,2020-04-10 19:00:00,Device 4,OFF
788,2020-04-10 20:00:00,Device 2,OFF
789,2020-04-10 21:00:00,Device 2,OFF
790,2020-04-10 22:00:00,Device 4,OFF
791,2020-04-10 23:00:00,Device 2,OFF
792,2020-04-11 00:00:00,Device 4,ON
793,2020-04-11 01:00:00,Device 1,ON
794,2020-04-11 02:00:00,Device 1,ON
795,2020-04-11 03:00:00,Device 2,ON
796,2020-04-11 04:00:00,Device 3,ON
797,2020-04-11 05:00:00,Device 4,ON
798,2020-04-11 06:00:00,Device 3,ON
799,2020-04-11 07:00:00,Device 1,OFF
800,2020-04-11 08:00:00,Device 4,OFF
801,2020-04-11 09:00:00,Device 1,OFF
802,2020-04-11 10:00:00,Device 1,OFF
803,2020-04-11 11:00:00,Device 3,OFF
804,2020-04-11 12:00:00,Device 1,OFF
805,2020-04-11 13:00:00,Device 4,OFF
806,2020-04-11 14:00:00,Device 4,OFF
807,2020-04-11 15:00:00,Device 1,OFF
808,2020-04-11 16:00:00,Device 3,OFF
809,2020-04-11 17:00:00,Device 3,OFF
810,2020-04-11 18:00:00,Device 2,OFF
811,2020-04-11 19:00:00,Device 3,OFF
812,2020-04-11 20:00:00,Device 4,OFF
813,2020-04-11 21:00:00,Device 1,OFF
814,2020-04-11 22:00:00,Device 4,OFF
815,2020-04-11 23:00:00,Device 4,OFF
816,2020-04-12 00:00:00,Device 4,ON
817,2020-04-12 01:00:00,Device 1,ON
818,2020-04-12 02:00:00,Device 1,ON
819,2020-04-12 03:00:00,Device 4,ON
820,2020-04-12 04:00:00,Device 4,ON
821,2020-04-12 05:00:00,Device 1,ON
822,2020-04-12 06:00:00,Device 3,ON
823,2020-04-12 07:00:00,Device 3,OFF
824,2020-04-12 08:00:00,Device 4,OFF
825,2020-04-12 09:00:00,Device 1,OFF
826,2020-04-12 10:00:00,Device 2,OFF
827,2020-04-12 11:00:00,Device 3,OFF
828,2020-04-12 12:00:00,Device 2,OFF
829,2020-04-12 13:00:00,Device 3,OFF
830,2020-04-12 14:00:00,Device 1,OFF
831,2020-04-12 15:00:00,Device 1,OFF
832,2020-04-12 16:00:00,Device 1,OFF
833,2020-04-12 17:00:00,Device 1,OFF
834,2020-04-12 18:00:00,Device 3,OFF
835,2020-04-12 19:00:00,Device 2,OFF
836,2020-04-12 20:00:00,Device 2,OFF
837,2020-04-12 21:00:00,Device 2,OFF
838,2020-04-12 22:00:00,Device 4,OFF
839,2020-04-12 23:00:00,Device 4,OFF
840,2020-04-13 00:00:00,Device 1,ON
841,2020-04-13 01:00:00,Device 2,ON
842,2020-04-13 02:00:00,Device 1,ON
843,2020-04-13 03:00:00,Device 3,ON
844,2020-04-13 04:00:00,Device 3,ON
845,2020-04-13 05:00:00,Device 2,ON
846,2020-04-13 06:00:00,Device 1,ON
847,2020-04-13 07:00:00,Device 3,OFF
848,2020-04-13 08:00:00,Device 1,OFF
849,2020-04-13 09:00:00,Device 1,OFF
850,2020-04-13 10:00:00,Device 3,OFF
851,2020-04-13 11:00:00,Device 4,OFF
852,2020-04-13 12:00:00,Device 4,OFF
853,2020-04-13 13:00:00,Device 1,OFF
854,2020-04-13 14:00:00,Device 2,OFF
855,2020-04-13 15:00:00,Device 3,OFF
856,2020-04-13 16:00:00,Device 2,OFF
857,2020-04-13 17:00:00,Device 4,OFF
858,2020-04-13 18:00:00,Device 3,OFF
859,2020-04-13 19:00:00,Device 3,OFF
860,2020-04-13 20:00:00,Device 4,OFF
861,2020-04-13 21:00:00,Device 1,OFF
862,2020-04-13 22:00:00,Device 4,OFF
863,2020-04-13 23:00:00,Device 1,OFF
864,2020-04-14 00:00:00,Device 1,ON
865,2020-04-14 01:00:00,Device 4,ON
866,2020-04-14 02:00:00,Device 3,ON
867,2020-04-14 03:00:00,Device 3,ON
868,2020-04-14 04:00:00,Device 3,ON
869,2020-04-14 05:00:00,Device 2,ON
870,2020-04-14 06:00:00,Device 1,ON
871,2020-04-14 07:00:00,Device 3,OFF
872,2020-04-14 08:00:00,Device 1,OFF
873,2020-04-14 09:00:00,Device 1,OFF
874,2020-04-14 10:00:00,Device 2,OFF
875,2020-04-14 11:00:00,Device 1,OFF
876,2020-04-14 12:00:00,Device 2,OFF
877,2020-04-14 13:00:00,Device 4,OFF
878,2020-04-14 14:00:00,Device 4,OFF
879,2020-04-14 15:00:00,Device 4,OFF
880,2020-04-14 16:00:00,Device 1,OFF
881,2020-04-14 17:00:00,Device 4,OFF
882,2020-04-14 18:00:00,Device 1,OFF
883,2020-04-14 19:00:00,Device 1,OFF
884,2020-04-14 20:00:00,Device 1,OFF
885,2020-04-14 21:00:00,Device 2,OFF
886,2020-04-14 22:00:00,Device 3,OFF
887,2020-04-14 23:00:00,Device 1,OFF
888,2020-04-15 00:00:00,Device 3,ON
889,2020-04-15 01:00:00,Device 4,ON
890,2020-04-15 02:00:00,Device 3,ON
891,2020-04-15 03:00:00,Device 2,ON
892,2020-04-15 04:00:00,Device 3,ON
893,2020-04-15 05:00:00,Device 2,ON
894,2020-04-15 06:00:00,Device 3,ON
895,2020-04-15 07:00:00,Device 3,OFF
896,2020-04-15 08:00:00,Device 1,OFF
897,2020-04-15 09:00:00,Device 1,OFF
898,2020-04-15 10:00:00,Device 3,OFF
899,2020-04-15 11:00:00,Device 1,OFF
900,2020-04-15 12:00:00,Device 4,OFF
901,2020-04-15 13:00:00,Device 1,OFF
902,2020-04-15 14:00:00,Device 2,OFF
903,2020-04-15 15:00:00,Device 3,OFF
904,2020-04-15 16:00:00,Device 4,OFF
905,2020-04-15 17:00:00,Device 4,OFF
906,2020-04-15 18:00:00,Device 3,OFF
907,2020-04-15 19:00:00,Device 2,OFF
908,2020-04-15 20:00:00,Device 2,OFF
909,2020-04-15 21:00:00,Device 4,OFF
910,2020-04-15 22:00:00,Device 4,OFF
911,2020-04-15 23:00:00,Device 4,OFF
912,2020-04-16 00:00:00,Device 3,ON
913,2020-04-16 01:00:00,Device 1,ON
914,2020-04-16 02:00:00,Device 2,ON
915,2020-04-16 03:00:00,Device 1,ON
916,2020-04-16 04:00:00,Device 3,ON
917,2020-04-16 05:00:00,Device 1,ON
918,2020-04-16 06:00:00,Device 2,ON
919,2020-04-16 07:00:00,Device 4,OFF
920,2020-04-16 08:00:00,Device 3,OFF
921,2020-04-16 09:00:00,Device 1,OFF
922,2020-04-16 10:00:00,Device 4,OFF
923,2020-04-16 11:00:00,Device 3,OFF
924,2020-04-16 12:00:00,Device 3,OFF
925,2020-04-16 13:00:00,Device 4,OFF
926,2020-04-16 14:00:00,Device 4,OFF
927,2020-04-16 15:00:00,Device 4,OFF
928,2020-04-16 16:00:00,Device 4,OFF
929,2020-04-16 17:00:00,Device 4,OFF
930,2020-04-16 18:00:00,Device 4,OFF
931,2020-04-16 19:00:00,Device 3,OFF
932,2020-04-16 20:00:00,Device 2,OFF
933,2020-04-16 21:00:00,Device 1,OFF
934,2020-04-16 22:00:00,Device 4,OFF
935,2020-04-16 23:00:00,Device 3,OFF
936,2020-04-17 00:00:00,Device 4,ON
937,2020-04-17 01:00:00,Device 1,ON
938,2020-04-17 02:00:00,Device 4,ON
939,2020-04-17 03:00:00,Device 1,ON
940,2020-04-17 04:00:00,Device 1,ON
941,2020-04-17 05:00:00,Device 1,ON
942,2020-04-17 06:00:00,Device 2,ON
943,2020-04-17 07:00:00,Device 2,OFF
944,2020-04-17 08:00:00,Device 3,OFF
945,2020-04-17 09:00:00,Device 1,OFF
946,2020-04-17 10:00:00,Device 3,OFF
947,2020-04-17 11:00:00,Device 2,OFF
948,2020-04-17 12:00:00,Device 2,OFF
949,2020-04-17 13:00:00,Device 2,OFF
950,2020-04-17 14:00:00,Device 4,OFF
951,2020-04-17 15:00:00,Device 3,OFF
952,2020-04-17 16:00:00,Device 1,OFF
953,2020-04-17 17:00:00,Device 1,OFF
954,2020-04-17 18:00:00,Device 2,OFF
955,2020-04-17 19:00:00,Device 3,OFF
956,2020-04-17 20:00:00,Device 2,OFF
957,2020-04-17 21:00:00,Device 4,OFF
958,2020-04-17 22:00:00,Device 2,OFF
959,2020-04-17 23:00:00,Device 2,OFF
960,2020-04-18 00:00:00,Device 3,ON
961,2020-04-18 01:00:00,Device 2,ON
962,2020-04-18 02:00:00,Device 4,ON
963,2020-04-18 03:00:00,Device 4,ON
964,2020-04-18 04:00:00,Device 4,ON
965,2020-04-18 05:00:00,Device 3,ON
966,2020-04-18 06:00:00,Device 4,ON
967,2020-04-18 07:00:00,Device 4,OFF
968,2020-04-18 08:00:00,Device 2,OFF
969,2020-04-18 09:00:00,Device 1,OFF
970,2020-04-18 10:00:00,Device 3,OFF
971,2020-04-18 11:00:00,Device 1,OFF
972,2020-04-18 12:00:00,Device 1,OFF
973,2020-04-18 13:00:00,Device 2,OFF
974,2020-04-18 14:00:00,Device 2,OFF
975,2020-04-18 15:00:00,Device 4,OFF
976,2020-04-18 16:00:00,Device 4,OFF
977,2020-04-18 17:00:00,Device 4,OFF
978,2020-04-18 18:00:00,Device 2,OFF
979,2020-04-18 19:00:00,Device 1,OFF
980,2020-04-18 20:00:00,Device 1,OFF
981,2020-04-18 21:00:00,Device 2,OFF
982,2020-04-18 22:00:00,Device 4,OFF
983,2020-04-18 23:00:00,Device 3,OFF
984,2020-04-19 00:00:00,Device 2,ON
985,2020-04-19 01:00:00,Device 1,ON
986,2020-04-19 02:00:00,Device 2,ON
987,2020-04-19 03:00:00,Device 2,ON
988,2020-04-19 04:00:00,Device 1,ON
989,2020-04-19 05:00:00,Device 4,ON
990,2020-04-19 06:00:00,Device 4,ON
991,2020-04-19 07:00:00,Device 1,OFF
992,2020-04-19 08:00:00,Device 2,OFF
993,2020-04-19 09:00:00,Device 1,OFF
994,2020-04-19 10:00:00,Device 3,OFF
995,2020-04-19 11:00:00,Device 1,OFF
996,2020-04-19 12:00:00,Device 4,OFF
997,2020-04-19 13:00:00,Device 1,OFF
998,2020-04-19 14:00:00,Device 3,OFF
999,2020-04-19 15:00:00,Device 2,OFF
1000,2020-04-19 16:00:00,Device 3,OFF
1001,2020-04-19 17:00:00,Device 2,OFF
1002,2020-04-19 18:00:00,Device 1,OFF
1003,2020-04-19 19:00:00,Device 1,OFF
1004,2020-04-19 20:00:00,Device 3,OFF
1005,2020-04-19 21:00:00,Device 3,OFF
1006,2020-04-19 22:00:00,Device 1,OFF
1007,2020-04-19 23:00:00,Device 1,OFF
1008,2020-04-20 00:00:00,Device 1,ON
1009,2020-04-20 01:00:00,Device 2,ON
1010,2020-04-20 02:00:00,Device 4,ON
1011,2020-04-20 03:00:00,Device 3,ON
1012,2020-04-20 04:00:00,Device 3,ON
1013,2020-04-20 05:00:00,Device 3,ON
1014,2020-04-20 06:00:00,Device 4,ON
1015,2020-04-20 07:00:00,Device 1,OFF
1016,2020-04-20 08:00:00,Device 3,OFF
1017,2020-04-20 09:00:00,Device 4,OFF
1018,2020-04-20 10:00:00,Device 3,OFF
1019,2020-04-20 11:00:00,Device 4,OFF
1020,2020-04-20 12:00:00,Device 4,OFF
1021,2020-04-20 13:00:00,Device 3,OFF
1022,2020-04-20 14:00:00,Device 2,OFF
1023,2020-04-20 15:00:00,Device 3,OFF
1024,2020-04-20 16:00:00,Device 4,OFF
1025,2020-04-20 17:00:00,Device 2,OFF
1026,2020-04-20 18:00:00,Device 3,OFF
1027,2020-04-20 19:00:00,Device 4,OFF
1028,2020-04-20 20:00:00,Device 2,OFF
1029,2020-04-20 21:00:00,Device 1,OFF
1030,2020-04-20 22:00:00,Device 2,OFF
1031,2020-04-20 23:00:00,Device 4,OFF
1032,2020-04-21 00:00:00,Device 3,ON
1033,2020-04-21 01:00:00,Device 2,ON
1034,2020-04-21 02:00:00,Device 2,ON
1035,2020-04-21 03:00:00,Device 2,ON
1036,2020-04-21 04:00:00,Device 4,ON
1037,2020-04-21 05:00:00,Device 1,ON
1038,2020-04-21 06:00:00,Device 2,ON
1039,2020-04-21 07:00:00,Device 1,OFF
1040,2020-04-21 08:00:00,Device 2,OFF
1041,2020-04-21 09:00:00,Device 1,OFF
1042,2020-04-21 10:00:00,Device 4,OFF
1043,2020-04-21 11:00:00,Device 3,OFF
1044,2020-04-21 12:00:00,Device 1,OFF
1045,2020-04-21 13:00:00,Device 2,OFF
1046,2020-04-21 14:00:00,Device 3,OFF
1047,2020-04-21 15:00:00,Device 3,OFF
1048,2020-04-21 16:00:00,Device 1,OFF
1049,2020-04-21 17:00:00,Device 3,OFF
1050,2020-04-21 18:00:00,Device 2,OFF
1051,2020-04-21 19:00:00,Device 2,OFF
1052,2020-04-21 20:00:00,Device 3,OFF
1053,2020-04-21 21:00:00,Device 3,OFF
1054,2020-04-21 22:00:00,Device 2,OFF
1055,2020-04-21 23:00:00,Device 3,OFF
1056,2020-04-22 00:00:00,Device 3,ON
1057,2020-04-22 01:00:00,Device 1,ON
1058,2020-04-22 02:00:00,Device 3,ON
1059,2020-04-22 03:00:00,Device 1,ON
1060,2020-04-22 04:00:00,Device 2,ON
1061,2020-04-22 05:00:00,Device 2,ON
1062,2020-04-22 06:00:00,Device 4,ON
1063,2020-04-22 07:00:00,Device 3,OFF
1064,2020-04-22 08:00:00,Device 1,OFF
1065,2020-04-22 09:00:00,Device 4,OFF
1066,2020-04-22 10:00:00,Device 4,OFF
1067,2020-04-22 11:00:00,Device 1,OFF
1068,2020-04-22 12:00:00,Device 4,OFF
1069,2020-04-22 13:00:00,Device 1,OFF
1070,2020-04-22 14:00:00,Device 2,OFF
1071,2020-04-22 15:00:00,Device 2,OFF
1072,2020-04-22 16:00:00,Device 1,OFF
1073,2020-04-22 17:00:00,Device 3,OFF
1074,2020-04-22 18:00:00,Device 3,OFF
1075,2020-04-22 19:00:00,Device 2,OFF
1076,2020-04-22 20:00:00,Device 2,OFF
1077,2020-04-22 21:00:00,Device 2,OFF
1078,2020-04-22 22:00:00,Device 2,OFF
1079,2020-04-22 23:00:00,Device 3,OFF
1080,2020-04-23 00:00:00,Device 1,ON
1081,2020-04-23 01:00:00,Device 4,ON
1082,2020-04-23 02:00:00,Device 1,ON
1083,2020-04-23 03:00:00,Device 4,ON
1084,2020-04-23 04:00:00,Device 1,ON
1085,2020-04-23 05:00:00,Device 1,ON
1086,2020-04-23 06:00:00,Device 1,ON
1087,2020-04-23 07:00:00,Device 3,OFF
1088,2020-04-23 08:00:00,Device 2,OFF
1089,2020-04-23 09:00:00,Device 1,OFF
1090,2020-04-23 10:00:00,Device 3,OFF
1091,2020-04-23 11:00:00,Device 2,OFF
1092,2020-04-23 12:00:00,Device 2,OFF
1093,2020-04-23 13:00:00,Device 2,OFF
1094,2020-04-23 14:00:00,Device 1,OFF
1095,2020-04-23 15:00:00,Device 2,OFF
1096,2020-04-23 16:00:00,Device 2,OFF
1097,2020-04-23 17:00:00,Device 1,OFF
1098,2020-04-23 18:00:00,Device 3,OFF
1099,2020-04-23 19:00:00,Device 2,OFF
1100,2020-04-23 20:00:00,Device 2,OFF
1101,2020-04-23 21:00:00,Device 3,OFF
1102,2020-04-23 22:00:00,Device 3,OFF
1103,2020-04-23 23:00:00,Device 1,OFF
1104,2020-04-24 00:00:00,Device 3,ON
1105,2020-04-24 01:00:00,Device 2,ON
1106,2020-04-24 02:00:00,Device 2,ON
1107,2020-04-24 03:00:00,Device 2,ON
1108,2020-04-24 04:00:00,Device 4,ON
1109,2020-04-24 05:00:00,Device 4,ON
1110,2020-04-24 06:00:00,Device 3,ON
1111,2020-04-24 07:00:00,Device 4,OFF
1112,2020-04-24 08:00:00,Device 3,OFF
1113,2020-04-24 09:00:00,Device 4,OFF
1114,2020-04-24 10:00:00,Device 1,OFF
1115,2020-04-24 11:00:00,Device 1,OFF
1116,2020-04-24 12:00:00,Device 3,OFF
1117,2020-04-24 13:00:00,Device 4,OFF
1118,2020-04-24 14:00:00,Device 1,OFF
1119,2020-04-24 15:00:00,Device 4,OFF
1120,2020-04-24 16:00:00,Device 2,OFF
1121,2020-04-24 17:00:00,Device 4,OFF
1122,2020-04-24 18:00:00,Device 1,OFF
1123,2020-04-24 19:00:00,Device 4,OFF
1124,2020-04-24 20:00:00,Device 1,OFF
1125,2020-04-24 21:00:00,Device 4,OFF
1126,2020-04-24 22:00:00,Device 1,OFF
1127,2020-04-24 23:00:00,Device 1,OFF
1128,2020-04-25 00:00:00,Device 4,ON
1129,2020-04-25 01:00:00,Device 2,ON
1130,2020-04-25 02:00:00,Device 1,ON
1131,2020-04-25 03:00:00,Device 4,ON
1132,2020-04-25 04:00:00,Device 2,ON
1133,2020-04-25 05:00:00,Device 1,ON
1134,2020-04-25 06:00:00,Device 1,ON
1135,2020-04-25 07:00:00,Device 4,OFF
1136,2020-04-25 08:00:00,Device 2,OFF
1137,2020-04-25 09:00:00,Device 2,OFF
1138,2020-04-25 10:00:00,Device 4,OFF
1139,2020-04-25 11:00:00,Device 2,OFF
1140,2020-04-25 12:00:00,Device 1,OFF
1141,2020-04-25 13:00:00,Device 1,OFF
1142,2020-04-25 14:00:00,Device 3,OFF
1143,2020-04-25 15:00:00,Device 1,OFF
1144,2020-04-25 16:00:00,Device 4,OFF
1145,2020-04-25 17:00:00,Device 1,OFF
1146,2020-04-25 18:00:00,Device 2,OFF
1147,2020-04-25 19:00:00,Device 3,OFF
1148,2020-04-25 20:00:00,Device 3,OFF
1149,2020-04-25 21:00:00,Device 3,OFF
1150,2020-04-25 22:00:00,Device 4,OFF
1151,2020-04-25 23:00:00,Device 3,OFF
1152,2020-04-26 00:00:00,Device 2,ON
1153,2020-04-26 01:00:00,Device 3,ON
1154,2020-04-26 02:00:00,Device 1,ON
1155,2020-04-26 03:00:00,Device 2,ON
1156,2020-04-26 04:00:00,Device 3,ON
1157,2020-04-26 05:00:00,Device 3,ON
1158,2020-04-26 06:00:00,Device 2,ON
1159,2020-04-26 07:00:00,Device 2,OFF
1160,2020-04-26 08:00:00,Device 2,OFF
1161,2020-04-26 09:00:00,Device 4,OFF
1162,2020-04-26 10:00:00,Device 4,OFF
1163,2020-04-26 11:00:00,Device 3,OFF
1164,2020-04-26 12:00:00,Device 2,OFF
1165,2020-04-26 13:00:00,Device 1,OFF
1166,2020-04-26 14:00:00,Device 1,OFF
1167,2020-04-26 15:00:00,Device 2,OFF
1168,2020-04-26 16:00:00,Device 2,OFF
1169,2020-04-26 17:00:00,Device 3,OFF
1170,2020-04-26 18:00:00,Device 2,OFF
1171,2020-04-26 19:00:00,Device 2,OFF
1172,2020-04-26 20:00:00,Device 1,OFF
1173,2020-04-26 21:00:00,Device 2,OFF
1174,2020-04-26 22:00:00,Device 4,OFF
1175,2020-04-26 23:00:00,Device 3,OFF
1176,2020-04-27 00:00:00,Device 4,ON
1177,2020-04-27 01:00:00,Device 2,ON
1178,2020-04-27 02:00:00,Device 4,ON
1179,2020-04-27 03:00:00,Device 4,ON
1180,2020-04-27 04:00:00,Device 4,ON
1181,2020-04-27 05:00:00,Device 2,ON
1182,2020-04-27 06:00:00,Device 3,ON
1183,2020-04-27 07:00:00,Device 4,OFF
1184,2020-04-27 08:00:00,Device 2,OFF
1185,2020-04-27 09:00:00,Device 3,OFF
1186,2020-04-27 10:00:00,Device 4,OFF
1187,2020-04-27 11:00:00,Device 4,OFF
1188,2020-04-27 12:00:00,Device 2,OFF
1189,2020-04-27 13:00:00,Device 3,OFF
1190,2020-04-27 14:00:00,Device 2,OFF
1191,2020-04-27 15:00:00,Device 1,OFF
1192,2020-04-27 16:00:00,Device 1,OFF
1193,2020-04-27 17:00:00,Device 2,OFF
1194,2020-04-27 18:00:00,Device 1,OFF
1195,2020-04-27 19:00:00,Device 4,OFF
1196,2020-04-27 20:00:00,Device 2,OFF
1197,2020-04-27 21:00:00,Device 2,OFF
1198,2020-04-27 22:00:00,Device 3,OFF
1199,2020-04-27 23:00:00,Device 4,OFF
1200,2020-04-28 00:00:00,Device 4,ON
1201,2020-04-28 01:00:00,Device 2,ON
1202,2020-04-28 02:00:00,Device 3,ON
1203,2020-04-28 03:00:00,Device 4,ON
1204,2020-04-28 04:00:00,Device 4,ON
1205,2020-04-28 05:00:00,Device 4,ON
1206,2020-04-28 06:00:00,Device 4,ON
1207,2020-04-28 07:00:00,Device 4,OFF
1208,2020-04-28 08:00:00,Device 4,OFF
1209,2020-04-28 09:00:00,Device 2,OFF
1210,2020-04-28 10:00:00,Device 3,OFF
1211,2020-04-28 11:00:00,Device 3,OFF
1212,2020-04-28 12:00:00,Device 1,OFF
1213,2020-04-28 13:00:00,Device 1,OFF
1214,2020-04-28 14:00:00,Device 1,OFF
1215,2020-04-28 15:00:00,Device 4,OFF
1216,2020-04-28 16:00:00,Device 4,OFF
1217,2020-04-28 17:00:00,Device 2,OFF
1218,2020-04-28 18:00:00,Device 1,OFF
1219,2020-04-28 19:00:00,Device 2,OFF
1220,2020-04-28 20:00:00,Device 2,OFF
1221,2020-04-28 21:00:00,Device 4,OFF
1222,2020-04-28 22:00:00,Device 1,OFF
1223,2020-04-28 23:00:00,Device 1,OFF
1224,2020-04-29 00:00:00,Device 2,ON
1225,2020-04-29 01:00:00,Device 3,ON
1226,2020-04-29 02:00:00,Device 4,ON
1227,2020-04-29 03:00:00,Device 1,ON
1228,2020-04-29 04:00:00,Device 4,ON
1229,2020-04-29 05:00:00,Device 3,ON
1230,2020-04-29 06:00:00,Device 3,ON
1231,2020-04-29 07:00:00,Device 3,OFF
1232,2020-04-29 08:00:00,Device 4,OFF
1233,2020-04-29 09:00:00,Device 3,OFF
1234,2020-04-29 10:00:00,Device 3,OFF
1235,2020-04-29 11:00:00,Device 2,OFF
1236,2020-04-29 12:00:00,Device 3,OFF
1237,2020-04-29 13:00:00,Device 2,OFF
1238,2020-04-29 14:00:00,Device 4,OFF
1239,2020-04-29 15:00:00,Device 1,OFF
1240,2020-04-29 16:00:00,Device 1,OFF
1241,2020-04-29 17:00:00,Device 2,OFF
1242,2020-04-29 18:00:00,Device 1,OFF
1243,2020-04-29 19:00:00,Device 4,OFF
1244,2020-04-29 20:00:00,Device 1,OFF
1245,2020-04-29 21:00:00,Device 2,OFF
1246,2020-04-29 22:00:00,Device 4,OFF
1247,2020-04-29 23:00:00,Device 3,OFF
1248,2020-04-30 00:00:00,Device 2,ON
1249,2020-04-30 01:00:00,Device 4,ON
1250,2020-04-30 02:00:00,Device 2,ON
1251,2020-04-30 03:00:00,Device 1,ON
1252,2020-04-30 04:00:00,Device 2,ON
1253,2020-04-30 05:00:00,Device 4,ON
1254,2020-04-30 06:00:00,Device 2,ON
1255,2020-04-30 07:00:00,Device 3,OFF
1256,2020-04-30 08:00:00,Device 4,OFF
1257,2020-04-30 09:00:00,Device 3,OFF
1258,2020-04-30 10:00:00,Device 2,OFF
1259,2020-04-30 11:00:00,Device 4,OFF
1260,2020-04-30 12:00:00,Device 1,OFF
1261,2020-04-30 13:00:00,Device 4,OFF
1262,2020-04-30 14:00:00,Device 4,OFF
1263,2020-04-30 15:00:00,Device 1,OFF
1264,2020-04-30 16:00:00,Device 2,OFF
1265,2020-04-30 17:00:00,Device 1,OFF
1266,2020-04-30 18:00:00,Device 3,OFF
1267,2020-04-30 19:00:00,Device 1,OFF
1268,2020-04-30 20:00:00,Device 3,OFF
1269,2020-04-30 21:00:00,Device 2,OFF
1270,2020-04-30 22:00:00,Device 1,OFF
1271,2020-04-30 23:00:00,Device 3,OFF
1272,2020-05-01 00:00:00,Device 4,ON
1273,2020-05-01 01:00:00,Device 1,ON
1274,2020-05-01 02:00:00,Device 4,ON
1275,2020-05-01 03:00:00,Device 4,ON
1276,2020-05-01 04:00:00,Device 3,ON
1277,2020-05-01 05:00:00,Device 2,ON
1278,2020-05-01 06:00:00,Device 4,ON
1279,2020-05-01 07:00:00,Device 2,OFF
1280,2020-05-01 08:00:00,Device 3,OFF
1281,2020-05-01 09:00:00,Device 1,OFF
1282,2020-05-01 10:00:00,Device 3,OFF
1283,2020-05-01 11:00:00,Device 4,OFF
1284,2020-05-01 12:00:00,Device 3,OFF
1285,2020-05-01 13:00:00,Device 2,OFF
1286,2020-05-01 14:00:00,Device 1,OFF
1287,2020-05-01 15:00:00,Device 1,OFF
1288,2020-05-01 16:00:00,Device 1,OFF
1289,2020-05-01 17:00:00,Device 2,OFF
1290,2020-05-01 18:00:00,Device 3,OFF
1291,2020-05-01 19:00:00,Device 1,OFF
1292,2020-05-01 20:00:00,Device 4,OFF
1293,2020-05-01 21:00:00,Device 3,OFF
1294,2020-05-01 22:00:00,Device 2,OFF
1295,2020-05-01 23:00:00,Device 1,OFF
1296,2020-05-02 00:00:00,Device 1,ON
1297,2020-05-02 01:00:00,Device 4,ON
1298,2020-05-02 02:00:00,Device 1,ON
1299,2020-05-02 03:00:00,Device 4,ON
1300,2020-05-02 04:00:00,Device 3,ON
1301,2020-05-02 05:00:00,Device 1,ON
1302,2020-05-02 06:00:00,Device 4,ON
1303,2020-05-02 07:00:00,Device 4,OFF
1304,2020-05-02 08:00:00,Device 3,OFF
1305,2020-05-02 09:00:00,Device 1,OFF
1306,2020-05-02 10:00:00,Device 4,OFF
1307,2020-05-02 11:00:00,Device 4,OFF
1308,2020-05-02 12:00:00,Device 2,OFF
1309,2020-05-02 13:00:00,Device 3,OFF
1310,2020-05-02 14:00:00,Device 2,OFF
1311,2020-05-02 15:00:00,Device 2,OFF
1312,2020-05-02 16:00:00,Device 1,OFF
1313,2020-05-02 17:00:00,Device 4,OFF
1314,2020-05-02 18:00:00,Device 2,OFF
1315,2020-05-02 19:00:00,Device 3,OFF
1316,2020-05-02 20:00:00,Device 3,OFF
1317,2020-05-02 21:00:00,Device 3,OFF
1318,2020-05-02 22:00:00,Device 3,OFF
1319,2020-05-02 23:00:00,Device 3,OFF
1320,2020-05-03 00:00:00,Device 4,ON
1321,2020-05-03 01:00:00,Device 1,ON
1322,2020-05-03 02:00:00,Device 2,ON
1323,2020-05-03 03:00:00,Device 1,ON
1324,2020-05-03 04:00:00,Device 4,ON
1325,2020-05-03 05:00:00,Device 1,ON
1326,2020-05-03 06:00:00,Device 3,ON
1327,2020-05-03 07:00:00,Device 3,OFF
1328,2020-05-03 08:00:00,Device 2,OFF
1329,2020-05-03 09:00:00,Device 2,OFF
1330,2020-05-03 10:00:00,Device 3,OFF
1331,2020-05-03 11:00:00,Device 1,OFF
1332,2020-05-03 12:00:00,Device 4,OFF
1333,2020-05-03 13:00:00,Device 1,OFF
1334,2020-05-03 14:00:00,Device 2,OFF
1335,2020-05-03 15:00:00,Device 1,OFF
1336,2020-05-03 16:00:00,Device 1,OFF
1337,2020-05-03 17:00:00,Device 2,OFF
1338,2020-05-03 18:00:00,Device 1,OFF
1339,2020-05-03 19:00:00,Device 3,OFF
1340,2020-05-03 20:00:00,Device 1,OFF
1341,2020-05-03 21:00:00,Device 3,OFF
1342,2020-05-03 22:00:00,Device 3,OFF
1343,2020-05-03 23:00:00,Device 4,OFF
1344,2020-05-04 00:00:00,Device 4,ON
1345,2020-05-04 01:00:00,Device 4,ON
1346,2020-05-04 02:00:00,Device 4,ON
1347,2020-05-04 03:00:00,Device 3,ON
1348,2020-05-04 04:00:00,Device 4,ON
1349,2020-05-04 05:00:00,Device 1,ON
1350,2020-05-04 06:00:00,Device 3,ON
1351,2020-05-04 07:00:00,Device 2,OFF
1352,2020-05-04 08:00:00,Device 4,OFF
1353,2020-05-04 09:00:00,Device 1,OFF
1354,2020-05-04 10:00:00,Device 1,OFF
1355,2020-05-04 11:00:00,Device 2,OFF
1356,2020-05-04 12:00:00,Device 3,OFF
1357,2020-05-04 13:00:00,Device 4,OFF
1358,2020-05-04 14:00:00,Device 2,OFF
1359,2020-05-04 15:00:00,Device 4,OFF
1360,2020-05-04 16:00:00,Device 3,OFF
1361,2020-05-04 17:00:00,Device 2,OFF
1362,2020-05-04 18:00:00,Device 1,OFF
1363,2020-05-04 19:00:00,Device 2,OFF
1364,2020-05-04 20:00:00,Device 1,OFF
1365,2020-05-04 21:00:00,Device 4,OFF
1366,2020-05-04 22:00:00,Device 3,OFF
1367,2020-05-04 23:00:00,Device 3,OFF
1368,2020-05-05 00:00:00,Device 3,ON
1369,2020-05-05 01:00:00,Device 3,ON
1370,2020-05-05 02:00:00,Device 3,ON
1371,2020-05-05 03:00:00,Device 4,ON
1372,2020-05-05 04:00:00,Device 1,ON
1373,2020-05-05 05:00:00,Device 1,ON
1374,2020-05-05 06:00:00,Device 3,ON
1375,2020-05-05 07:00:00,Device 1,OFF
1376,2020-05-05 08:00:00,Device 3,OFF
1377,2020-05-05 09:00:00,Device 1,OFF
1378,2020-05-05 10:00:00,Device 1,OFF
1379,2020-05-05 11:00:00,Device 4,OFF
1380,2020-05-05 12:00:00,Device 4,OFF
1381,2020-05-05 13:00:00,Device 2,OFF
1382,2020-05-05 14:00:00,Device 3,OFF
1383,2020-05-05 15:00:00,Device 3,OFF
1384,2020-05-05 16:00:00,Device 2,OFF
1385,2020-05-05 17:00:00,Device 3,OFF
1386,2020-05-05 18:00:00,Device 1,OFF
1387,2020-05-05 19:00:00,Device 2,OFF
1388,2020-05-05 20:00:00,Device 2,OFF
1389,2020-05-05 21:00:00,Device 1,OFF
1390,2020-05-05 22:00:00,Device 3,OFF
1391,2020-05-05 23:00:00,Device 3,OFF
1392,2020-05-06 00:00:00,Device 2,ON
1393,2020-05-06 01:00:00,Device 2,ON
1394,2020-05-06 02:00:00,Device 4,ON
1395,2020-05-06 03:00:00,Device 3,ON
1396,2020-05-06 04:00:00,Device 1,ON
1397,2020-05-06 05:00:00,Device 2,ON
1398,2020-05-06 06:00:00,Device 2,ON
1399,2020-05-06 07:00:00,Device 4,OFF
1400,2020-05-06 08:00:00,Device 4,OFF
1401,2020-05-06 09:00:00,Device 2,OFF
1402,2020-05-06 10:00:00,Device 1,OFF
1403,2020-05-06 11:00:00,Device 3,OFF
1404,2020-05-06 12:00:00,Device 4,OFF
1405,2020-05-06 13:00:00,Device 4,OFF
1406,2020-05-06 14:00:00,Device 4,OFF
1407,2020-05-06 15:00:00,Device 3,OFF
1408,2020-05-06 16:00:00,Device 1,OFF
1409,2020-05-06 17:00:00,Device 3,OFF
1410,2020-05-06 18:00:00,Device 3,OFF
1411,2020-05-06 19:00:00,Device 1,OFF
1412,2020-05-06 20:00:00,Device 4,OFF
1413,2020-05-06 21:00:00,Device 2,OFF
1414,2020-05-06 22:00:00,Device 3,OFF
1415,2020-05-06 23:00:00,Device 4,OFF
1416,2020-05-07 00:00:00,Device 4,ON
1417,2020-05-07 01:00:00,Device 3,ON
1418,2020-05-07 02:00:00,Device 1,ON
1419,2020-05-07 03:00:00,Device 3,ON
1420,2020-05-07 04:00:00,Device 4,ON
1421,2020-05-07 05:00:00,Device 1,ON
1422,2020-05-07 06:00:00,Device 4,ON
1423,2020-05-07 07:00:00,Device 2,OFF
1424,2020-05-07 08:00:00,Device 4,OFF
1425,2020-05-07 09:00:00,Device 3,OFF
1426,2020-05-07 10:00:00,Device 1,OFF
1427,2020-05-07 11:00:00,Device 4,OFF
1428,2020-05-07 12:00:00,Device 4,OFF
1429,2020-05-07 13:00:00,Device 4,OFF
1430,2020-05-07 14:00:00,Device 3,OFF
1431,2020-05-07 15:00:00,Device 2,OFF
1432,2020-05-07 16:00:00,Device 4,OFF
1433,2020-05-07 17:00:00,Device 2,OFF
1434,2020-05-07 18:00:00,Device 3,OFF
1435,2020-05-07 19:00:00,Device 3,OFF
1436,2020-05-07 20:00:00,Device 1,OFF
1437,2020-05-07 21:00:00,Device 2,OFF
1438,2020-05-07 22:00:00,Device 4,OFF
1439,2020-05-07 23:00:00,Device 4,OFF
1440,2020-05-08 00:00:00,Device 3,ON
1441,2020-05-08 01:00:00,Device 4,ON
1442,2020-05-08 02:00:00,Device 3,ON
1443,2020-05-08 03:00:00,Device 1,ON
1444,2020-05-08 04:00:00,Device 2,ON
1445,2020-05-08 05:00:00,Device 4,ON
1446,2020-05-08 06:00:00,Device 3,ON
1447,2020-05-08 07:00:00,Device 4,OFF
1448,2020-05-08 08:00:00,Device 4,OFF
1449,2020-05-08 09:00:00,Device 4,OFF
1450,2020-05-08 10:00:00,Device 3,OFF
1451,2020-05-08 11:00:00,Device 4,OFF
1452,2020-05-08 12:00:00,Device 1,OFF
1453,2020-05-08 13:00:00,Device 3,OFF
1454,2020-05-08 14:00:00,Device 4,OFF
1455,2020-05-08 15:00:00,Device 3,OFF
1456,2020-05-08 16:00:00,Device 3,OFF
1457,2020-05-08 17:00:00,Device 2,OFF
1458,2020-05-08 18:00:00,Device 2,OFF
1459,2020-05-08 19:00:00,Device 1,OFF
1460,2020-05-08 20:00:00,Device 2,OFF
1461,2020-05-08 21:00:00,Device 3,OFF
1462,2020-05-08 22:00:00,Device 1,OFF
1463,2020-05-08 23:00:00,Device 4,OFF
1464,2020-05-09 00:00:00,Device 1,ON
